{"pop14": 0.5020861678004536, "dance": 4.543764172335601, "mpqq": 126.5, "pop4": 0.2822902494331066, "thierry1": 10.14843537414966, "pop13": 0.5020861678004536, "squash2": 0.7802040816326531, "squash3": 0.8953061224489796, "mpqq_60_melody": 152.0, "mash": 8.789591836734694, "mouse": 0.8260544217687075, "thierry3": 6.2791836734693875, "fill4": 1.3671882086167801, "fill5": 2.7020861678004535, "fill6": 2.041133786848073, "scrunch": 8.169795918367347, "fill1": 1.193219954648526, "fill2": 1.0099092970521542, "fill3": 0.9406122448979591, "stretch": 13.6781179138322, "mpqq_2": 76.0, "saw": 7.206235827664399, "timpani": 28.693219954648526, "pop16": 0.5020861678004536, "pop15": 0.5020861678004536, "fillAndBounce": 3.933333333333333, "drag3": 5.9140589569161, "drag2": 50.45052154195011, "drag1": 10.586984126984127, "pop10": 0.5020861678004536, "door1": 14.15936507936508, "squash1": 0.8031292517006803, "pop12": 0.5020861678004536, "shaker": 6.9078004535147395, "spray": 6.472403628117914, "air6": 1.345328798185941, "rub": 18.886984126984128, "pop11": 0.5020861678004536, "pop3": 0.3, "pop2": 0.4, "pop1": 0.5, "pop7": 0.21979591836734694, "pop6": 0.3291609977324263, "pop5": 0.2822902494331066, "mpqq_15": 608.0, "squeak": 7.8859410430839, "pop9": 0.26718820861678005, "pop8": 0.26666666666666666, "thierry5": 5.548956916099773, "thierry4": 14.164580498866213, "thierry6": 19.932290249433105, "knock": 3.281768707482993, "theirry2": 5.913560090702948, "grince": 7.48124716553288, "mpqq_30": 304.0, "ritual": 11.22185941043084, "mpqq_60": 152.0, "mpqq_30_melody": 304.0, "air": 24.270839002267575, "air2": 1.008843537414966, "air3": 1.2333333333333334, "air4": 1.345328798185941, "air5": 1.3453061224489795, "cello": 18.152607709750566, "door2": 13.930204081632652, "tense": 9.592698412698413, "mpqq_15_melody": 608.0, "squeal1": 10.395827664399093, "squeal2": 4.498435374149659, "squeal3": 2.2953061224489795}
