{"58202__the-bizniss__car-horn": 2.1072108843537416, "dance": 4.543764172335601, "swingend": 17.5421768707483, "earlyMorningCity": 120.78875283446712, "331540__jmpeeples__2000-nissan-maxima-car-horn": 14.325333333333333, "mpqq_60_melody": 152.0, "heavyTraffic": 180.30290249433108, "330956__nikiforov5000__bicycle-bell": 22.86310657596372, "mpqq_30": 304.0, "timpani": 28.693219954648526, "trainSounds": 179.21156462585034, "pop3": 0.3, "pop2": 0.4, "pop1": 0.5, "pop7": 0.21979591836734694, "pop6": 0.3291609977324263, "pop5": 0.2822902494331066, "pop4": 0.2822902494331066, "pop9": 0.26718820861678005, "pop8": 0.26666666666666666, "knock": 3.281768707482993, "331542__jmpeeples__2013-dodge-charger-car-horn": 17.989333333333335, "grab": 15.052086167800454, "235506__ceberation__car-horn": 5.610875, "letgo": 17.595306122448978, "73168__inchadney__car-horns": 4.745354166666667, "squash2": 0.7802040816326531, "squash3": 0.8953061224489796, "fireEngineSiren": 14.651746031746033, "squash1": 0.8031292517006803, "pop16": 0.5020861678004536, "pop15": 0.5020861678004536, "pop14": 0.5020861678004536, "pop13": 0.5020861678004536, "pop12": 0.5020861678004536, "pop11": 0.5020861678004536, "pop10": 0.5020861678004536, "shaker": 6.9078004535147395, "cello": 18.152607709750566, "rub": 18.886984126984128, "54086__guitarguy1985__horn": 4.597551020408163, "spray": 6.472403628117914, "ritual": 11.22185941043084, "mpqq_60": 152.0, "mpqq_30_melody": 304.0, "swing": 83.0005215419501, "fireEngines2": 15.162585034013606, "thierry1": 10.14843537414966, "mpqq_2": 76.0, "scrunch": 8.169795918367347, "stretch": 13.6781179138322, "179867__toiletrolltube__car-horn-1-3-11": 3.4004583333333334, "drag2": 50.45052154195011, "drag1": 10.586984126984127, "drag3": 5.9140589569161, "thierry6": 19.932290249433105, "66585__zerolagtime__car-horn-2x-mutetd": 6.936575963718821, "tense": 9.592698412698413, "germanShepherd": 2.321950113378685, "theirry2": 5.913560090702948, "grince": 7.48124716553288, "air": 24.270839002267575, "air2": 1.008843537414966, "air3": 1.2333333333333334, "air4": 1.345328798185941, "air5": 1.3453061224489795, "air6": 1.345328798185941, "dog2": 23.382448979591835, "dog1": 2.020090702947846, "singleHonk": 1.1622675736961452, "mpqq": 126.5, "mouse": 0.8260544217687075, "fill4": 1.3671882086167801, "fill5": 2.7020861678004535, "fill6": 2.041133786848073, "carrefour": 54.88072562358277, "fill1": 1.193219954648526, "fill2": 1.0099092970521542, "fill3": 0.9406122448979591, "saw": 7.206235827664399, "cross": 15.7797052154195, "mpqq_15": 608.0, "182474__keweldog__car-horn": 4.322267573696145, "squeak": 7.8859410430839, "thierry3": 6.2791836734693875, "thierry5": 5.548956916099773, "thierry4": 14.164580498866213, "busyTown": 157.4762811791383, "windows": 6.866145124716553, "mash": 8.789591836734694, "carrefourend": 6.380725623582767, "fillAndBounce": 3.933333333333333, "door1": 14.15936507936508, "door2": 13.930204081632652, "mpqq_15_melody": 608.0, "squeal1": 10.395827664399093, "squeal2": 4.498435374149659, "squeal3": 2.2953061224489795}
